City_ID,City,Country,Date,Lat,Lng,Max Temp,Humidity,Cloudiness,Wind Speed
0,Jamestown,US,2022-07-21 15:14:04,42.097,-79.2353,77.02,78,100,14.97
1,Quatre Cocos,MU,2022-07-21 15:14:04,-20.2078,57.7625,69.1,70,80,20.67
2,Bethel,US,2022-07-21 15:10:05,41.3712,-73.414,89.69,71,0,5.75
3,West Wendover,US,2022-07-21 15:14:05,40.7391,-114.0733,81.61,32,0,0.0
4,Norman Wells,CA,2022-07-21 15:14:06,65.282,-126.8329,61.66,73,97,4.27
5,Carnarvon,AU,2022-07-21 15:14:06,-24.8667,113.6333,66.99,64,93,15.39
6,Albany,US,2022-07-21 15:11:07,42.6001,-73.9662,88.63,64,5,1.01
7,Rikitea,PF,2022-07-21 15:14:07,-23.1203,-134.9692,74.17,73,4,9.93
8,Talnakh,RU,2022-07-21 15:14:07,69.4865,88.3972,58.21,72,18,8.68
9,Tiksi,RU,2022-07-21 15:14:08,71.6872,128.8694,40.53,84,17,8.43
10,Belyy Yar,RU,2022-07-21 15:14:08,53.6039,91.3903,67.89,56,0,4.47
11,Getulio Vargas,UY,2022-07-21 15:14:09,-32.6796,-53.5494,67.82,91,100,6.35
12,Clyde River,CA,2022-07-21 15:14:09,70.4692,-68.5914,38.57,93,100,4.72
13,Parrita,CR,2022-07-21 15:14:10,9.5201,-84.3225,79.7,81,100,1.74
14,Barrow,US,2022-07-21 15:10:02,71.2906,-156.7887,42.82,81,0,21.85
15,Kavieng,PG,2022-07-21 15:14:10,-2.5744,150.7967,81.27,79,100,9.93
16,Atar,MR,2022-07-21 15:14:11,20.5169,-13.0499,104.59,21,69,11.88
17,Busselton,AU,2022-07-21 15:14:12,-33.65,115.3333,56.79,76,85,11.12
18,San Patricio,US,2022-07-21 15:14:12,28.017,-97.5169,89.49,51,1,14.32
19,Port Alfred,ZA,2022-07-21 15:14:13,-33.5906,26.891,61.18,75,0,1.99
20,Pevek,RU,2022-07-21 15:14:13,69.7008,170.3133,31.78,99,100,8.66
21,Omboue,GA,2022-07-21 15:14:14,-1.5746,9.2618,77.72,71,81,11.3
22,Gurupa,BR,2022-07-21 15:14:14,-1.405,-51.64,89.02,55,50,2.3
23,Butaritari,KI,2022-07-21 15:14:15,3.0707,172.7902,79.79,77,98,5.01
24,Leningradskiy,RU,2022-07-21 15:14:15,69.3833,178.4167,33.21,98,100,14.03
25,Nanortalik,GL,2022-07-21 15:14:16,60.1432,-45.2371,52.03,75,8,14.14
26,Maltrata,MX,2022-07-21 15:14:16,18.8,-97.2667,70.47,28,59,4.68
27,Batagay,RU,2022-07-21 15:14:17,67.6333,134.6333,53.04,73,100,1.83
28,Atuona,PF,2022-07-21 15:14:17,-9.8,-139.0333,77.04,75,12,15.19
29,Saldanha,ZA,2022-07-21 15:12:49,-33.0117,17.9442,56.88,66,17,9.91
30,Kodiak,US,2022-07-21 15:14:18,57.79,-152.4072,51.31,87,100,0.0
31,Vaini,TO,2022-07-21 15:14:18,-21.2,-175.2,74.1,75,4,9.35
32,Biak,ID,2022-07-21 15:14:19,-0.9131,122.8766,75.72,86,28,6.42
33,Mataura,NZ,2022-07-21 15:14:19,-46.1927,168.8643,41.49,94,100,2.06
34,Huarmey,PE,2022-07-21 15:14:20,-10.0681,-78.1522,64.76,77,77,8.43
35,Punta Arenas,CL,2022-07-21 15:13:25,-53.15,-70.9167,33.91,86,20,17.27
36,Tanout,NE,2022-07-21 15:14:20,14.9709,8.8879,91.99,31,86,1.59
37,Salalah,OM,2022-07-21 15:14:21,17.0151,54.0924,77.09,94,100,8.05
38,Ushuaia,AR,2022-07-21 15:14:21,-54.8,-68.3,29.86,86,100,16.11
39,Ahipara,NZ,2022-07-21 15:14:22,-35.1667,173.1667,55.44,80,97,10.25
40,New Norfolk,AU,2022-07-21 15:14:23,-42.7826,147.0587,39.9,82,0,3.0
41,Sikasso,ML,2022-07-21 15:14:23,10.9167,-7.0,82.2,69,91,7.2
42,Lebu,CL,2022-07-21 15:14:24,-37.6167,-73.65,50.97,87,86,1.01
43,Mahebourg,MU,2022-07-21 15:11:25,-20.4081,57.7,69.26,69,73,21.03
44,Kapuskasing,CA,2022-07-21 15:12:37,49.4169,-82.4331,59.09,100,100,13.8
45,Torrevieja,ES,2022-07-21 15:14:27,37.9787,-0.6822,97.41,69,0,5.99
46,Farrukhnagar,IN,2022-07-21 15:15:25,17.0778,78.2011,80.31,80,100,5.61
47,Seoul,KR,2022-07-21 15:10:48,37.5683,126.9778,74.64,86,34,1.07
48,Fez,MA,2022-07-21 15:15:03,34.0372,-4.9998,102.45,12,40,23.02
49,Assiniboia,CA,2022-07-21 15:10:58,49.6334,-105.9845,69.1,49,65,7.4
50,Hamilton,US,2022-07-21 15:10:37,39.1834,-84.5333,85.15,72,20,11.5
51,Aklavik,CA,2022-07-21 15:15:26,68.2191,-135.0107,55.4,94,100,0.0
52,Tuktoyaktuk,CA,2022-07-21 15:15:27,69.4541,-133.0374,51.8,93,100,6.91
53,Korla,CN,2022-07-21 15:15:27,41.7597,86.1469,82.67,25,0,5.64
54,Camacha,PT,2022-07-21 15:15:27,33.0833,-16.3333,69.22,68,75,18.41
55,Alice Springs,AU,2022-07-21 15:15:28,-23.7,133.8833,40.55,56,0,3.44
56,Torbay,CA,2022-07-21 15:14:01,47.6666,-52.7314,71.28,72,94,16.44
57,Alyangula,AU,2022-07-21 15:15:28,-13.8483,136.4192,66.43,67,46,10.29
58,Kloulklubed,PW,2022-07-21 15:15:29,7.0419,134.2556,75.7,74,100,0.18
59,Pisco,PE,2022-07-21 15:11:39,-13.7,-76.2167,62.02,77,100,4.61
60,Caravelas,BR,2022-07-21 15:15:30,-17.7125,-39.2481,78.31,62,1,8.9
61,Umm Lajj,SA,2022-07-21 15:15:30,25.0213,37.2685,88.0,58,3,15.08
62,Te Anau,NZ,2022-07-21 15:15:31,-45.4167,167.7167,34.23,93,45,2.01
63,Puerto Ayora,EC,2022-07-21 15:15:32,-0.7393,-90.3518,73.36,92,86,7.0
64,Geraldton,AU,2022-07-21 15:15:32,-28.7667,114.6,55.81,82,55,8.05
65,Kruisfontein,ZA,2022-07-21 15:15:33,-34.0033,24.7314,57.88,70,0,7.09
66,Port Hardy,CA,2022-07-21 15:15:33,50.6996,-127.4199,53.78,94,100,3.44
67,Souillac,MU,2022-07-21 15:14:20,-20.5167,57.5167,69.71,69,47,17.9
68,Biga,TR,2022-07-21 15:15:34,40.2281,27.2422,90.05,26,0,16.8
69,Port Blair,IN,2022-07-21 15:15:34,11.6667,92.75,80.76,86,100,11.97
70,Udachnyy,RU,2022-07-21 15:15:35,66.4167,112.4,50.45,93,100,1.68
71,Castro,BR,2022-07-21 15:15:35,-24.7911,-50.0119,71.8,53,2,6.71
72,Roma,US,2022-07-21 15:14:03,43.2128,-75.4557,85.68,61,20,11.5
73,Buchanan,LR,2022-07-21 15:15:36,5.8808,-10.0467,79.16,68,100,11.59
74,Bluff,NZ,2022-07-21 15:15:36,-46.6,168.3333,41.81,77,100,6.53
75,Ternate,ID,2022-07-21 15:15:37,0.8,127.4,80.31,78,100,2.28
76,Mar Del Plata,AR,2022-07-21 15:14:06,-38.0023,-57.5575,54.95,59,91,14.0
77,Basar,IN,2022-07-21 15:15:37,27.9833,94.6667,72.52,98,100,2.17
78,Waingapu,ID,2022-07-21 15:15:38,-9.6567,120.2641,74.82,84,63,8.03
79,Providencia,MX,2022-07-21 15:15:38,28.7167,-111.5833,91.2,51,41,2.8
80,Saint George,US,2022-07-21 15:11:01,37.1041,-113.5841,91.63,26,0,5.75
81,Macusani,PE,2022-07-21 15:15:39,-14.0833,-70.4333,47.21,15,9,2.75
82,Hithadhoo,MV,2022-07-21 15:15:39,-0.6,73.0833,81.82,70,100,5.21
83,Rawah,IQ,2022-07-21 15:15:40,34.4816,41.9093,104.32,10,0,15.5
84,Hobart,AU,2022-07-21 15:15:04,-42.8794,147.3294,40.26,92,0,5.75
85,Hermanus,ZA,2022-07-21 15:15:41,-34.4187,19.2345,58.8,71,14,1.79
86,Victoria,HK,2022-07-21 15:14:47,22.2855,114.1577,88.18,73,0,3.0
87,Malartic,CA,2022-07-21 15:15:34,48.1335,-78.1328,64.51,97,100,12.12
88,Fallon,US,2022-07-21 15:15:42,39.4735,-118.7774,79.45,23,20,3.44
89,Myitkyina,MM,2022-07-21 15:15:43,25.3833,97.4,77.63,92,97,1.9
90,Astana,KZ,2022-07-21 15:16:43,51.1801,71.446,76.95,31,0,6.71
91,Severo-Kurilsk,RU,2022-07-21 15:15:37,50.6789,156.125,52.43,97,100,21.61
92,Longyearbyen,SJ,2022-07-21 15:16:44,78.2186,15.6401,51.64,82,75,6.91
93,Yellowknife,CA,2022-07-21 15:12:20,62.456,-114.3525,60.57,63,7,5.99
94,Samarai,PG,2022-07-21 15:16:44,-10.6167,150.6667,80.04,82,1,9.01
95,Kigali,RW,2022-07-21 15:16:45,-1.95,30.0588,75.72,38,75,9.22
96,Dourbali,TD,2022-07-21 15:16:45,11.8091,15.8632,90.95,45,78,5.17
97,Laguna,US,2022-07-21 15:16:46,38.421,-121.4238,79.09,66,0,6.91
98,Sao Joao Da Barra,BR,2022-07-21 15:16:46,-21.6403,-41.0511,77.09,71,21,6.73
99,Fairfield,US,2022-07-21 15:16:30,41.2668,-73.3162,90.03,72,0,6.91
100,Zaltan,LY,2022-07-21 15:16:47,32.947,11.8665,87.85,45,0,16.26
101,Airai,TL,2022-07-21 15:16:47,-8.9266,125.4092,56.41,91,96,3.02
102,Mbandaka,CD,2022-07-21 15:16:48,0.0487,18.2603,77.0,75,88,0.65
103,Kapaa,US,2022-07-21 15:16:48,22.0752,-159.319,75.18,92,100,11.5
104,Bundaberg,AU,2022-07-21 15:16:49,-24.85,152.35,63.21,99,100,6.91
105,Yuncheng,CN,2022-07-21 15:16:49,35.0231,110.9928,79.79,52,62,6.02
106,Hokitika,NZ,2022-07-21 15:16:50,-42.7167,170.9667,41.13,72,0,7.4
107,Roald,NO,2022-07-21 15:16:50,62.5833,6.1333,61.16,77,40,14.97
108,Honiara,SB,2022-07-21 15:16:51,-9.4333,159.95,76.71,84,21,4.14
109,Inuvik,CA,2022-07-21 15:15:33,68.3499,-133.7218,54.46,94,100,6.91
110,Tasiilaq,GL,2022-07-21 15:16:51,65.6145,-37.6368,39.36,71,97,4.18
111,Arklow,IE,2022-07-21 15:16:52,52.7931,-6.1414,64.08,68,78,5.57
112,Namibe,AO,2022-07-21 15:16:52,-15.1961,12.1522,68.56,69,1,9.84
113,Kavaratti,IN,2022-07-21 15:16:53,10.5669,72.642,81.07,82,99,21.07
114,Taoudenni,ML,2022-07-21 15:16:53,22.6783,-3.9836,107.83,17,13,8.72
115,Chuy,UY,2022-07-21 15:16:54,-33.6971,-53.4616,64.45,86,100,7.54
116,Ostrovnoy,RU,2022-07-21 15:16:54,68.0531,39.5131,56.55,76,52,4.85
117,Hilo,US,2022-07-21 15:16:55,19.7297,-155.09,73.27,99,58,1.99
118,College,US,2022-07-21 15:16:55,64.8569,-147.8028,56.23,75,75,0.0
119,Cape Town,ZA,2022-07-21 15:16:56,-33.9258,18.4232,61.27,71,37,4.0
120,Auki,SB,2022-07-21 15:16:56,-8.7676,160.7034,77.05,88,78,3.98
121,Oriximina,BR,2022-07-21 15:16:57,-1.7656,-55.8661,88.21,56,11,3.11
122,Davlekanovo,RU,2022-07-21 15:16:57,54.2215,55.0343,69.19,70,100,3.65
123,Codrington,AU,2022-07-21 15:16:58,-38.2667,141.9667,46.36,83,3,11.32
124,Byron Bay,AU,2022-07-21 15:16:58,-28.65,153.6167,58.95,74,100,20.09
125,Hobyo,SO,2022-07-21 15:16:59,5.3505,48.5268,78.03,74,69,25.01
126,Upernavik,GL,2022-07-21 15:16:59,72.7868,-56.1549,45.99,86,100,8.1
127,Emba,KZ,2022-07-21 15:17:00,48.8264,58.1442,84.52,21,93,8.08
128,Son La,VN,2022-07-21 15:17:00,21.3167,103.9,70.45,98,98,2.77
129,Isiolo,KE,2022-07-21 15:17:01,0.3546,37.5822,77.99,39,65,18.52
130,Cleveland,US,2022-07-21 15:15:14,41.4995,-81.6954,83.35,67,0,16.11
131,Necochea,AR,2022-07-21 15:17:02,-38.5473,-58.7368,50.77,46,66,14.97
132,Avarua,CK,2022-07-21 15:17:02,-21.2078,-159.775,71.65,73,75,9.22
133,Provideniya,RU,2022-07-21 15:17:03,64.3833,-173.3,39.51,77,99,9.71
134,Bac Lieu,VN,2022-07-21 15:17:03,9.285,105.7244,77.47,90,91,6.51
135,Bethanien,NA,2022-07-21 15:17:04,-26.502,17.1583,73.15,18,0,9.22
136,Pitimbu,BR,2022-07-21 15:17:04,-7.4706,-34.8086,75.79,82,86,13.47
137,Georgetown,MY,2022-07-21 15:15:38,5.4112,100.3354,83.89,83,20,1.14
138,Sambava,MG,2022-07-21 15:17:05,-14.2667,50.1667,69.76,84,95,14.83
139,Belmonte,BR,2022-07-21 15:18:05,-15.8631,-38.8828,76.55,72,19,9.73
140,Lagoa,PT,2022-07-21 15:18:06,39.05,-27.9833,72.43,79,65,5.17
141,Diego De Almagro,CL,2022-07-21 15:18:06,-26.3667,-70.05,59.76,52,98,2.53
142,Shimsk,RU,2022-07-21 15:18:07,58.212,30.7127,78.48,52,41,8.41
143,Dikson,RU,2022-07-21 15:18:07,73.5069,80.5464,42.91,87,100,26.46
144,Xining,CN,2022-07-21 15:18:08,36.6167,101.7667,47.12,92,60,1.86
145,Makokou,GA,2022-07-21 15:18:08,0.5738,12.8642,79.59,69,93,1.97
146,Qaanaaq,GL,2022-07-21 15:18:09,77.484,-69.3632,45.86,70,100,5.91
147,Port Moresby,PG,2022-07-21 15:14:00,-9.4431,147.1797,76.19,90,99,5.37
148,Lesnica,RS,2022-07-21 15:18:10,44.6525,19.31,100.83,14,18,2.26
149,Krasnoborsk,RU,2022-07-21 15:18:10,61.5598,45.934,73.83,63,100,4.63
150,Sitka,US,2022-07-21 15:18:11,57.0531,-135.33,55.29,88,100,4.61
151,Kaitangata,NZ,2022-07-21 15:18:11,-46.2817,169.8464,43.45,88,100,5.57
152,Gazojak,TM,2022-07-21 15:18:12,41.1875,61.4036,107.11,10,0,10.51
153,Saint-Philippe,RE,2022-07-21 15:18:12,-21.3585,55.7679,69.39,82,45,15.97
154,Spruce Grove,CA,2022-07-21 15:18:13,53.5334,-113.9187,71.11,40,0,8.05
155,Beringovskiy,RU,2022-07-21 15:18:13,63.05,179.3167,46.24,69,100,12.44
156,Fujin,CN,2022-07-21 15:18:14,47.26,132.0322,62.67,97,34,7.29
157,Egvekinot,RU,2022-07-21 15:18:14,66.3167,-179.1667,31.69,76,13,9.15
158,Harper,LR,2022-07-21 15:18:15,4.375,-7.7169,78.06,65,66,8.32
159,Paragominas,BR,2022-07-21 15:15:06,-2.9667,-47.4833,87.96,42,51,5.79
160,Cayenne,GF,2022-07-21 15:14:06,4.9333,-52.3333,87.84,66,100,2.3
161,Touros,BR,2022-07-21 15:18:16,-5.1989,-35.4608,82.99,62,72,13.87
162,Sur,OM,2022-07-21 15:18:16,22.5667,59.5289,89.42,66,100,7.29
163,Sungaipenuh,ID,2022-07-21 15:18:17,-2.0833,101.3833,64.81,98,98,2.3
164,Chara,RU,2022-07-21 15:18:17,56.9064,118.2631,63.45,83,74,4.0
165,Dondo,MZ,2022-07-21 15:18:18,-19.6094,34.7431,72.91,71,39,8.3
166,Marzuq,YE,2022-07-21 15:18:18,14.4,46.4667,82.78,52,7,11.25
167,Jieshi,CN,2022-07-21 15:18:19,22.8134,115.8257,83.55,80,0,4.99
168,Vila Velha,BR,2022-07-21 15:18:19,-20.3297,-40.2925,78.75,78,75,12.66
169,Sioux Lookout,CA,2022-07-21 15:18:20,50.1001,-91.917,69.87,64,20,9.22
170,Rochegda,RU,2022-07-21 15:18:20,62.8,43.25,73.71,61,97,5.06
171,Nantucket,US,2022-07-21 15:16:56,41.2835,-70.0995,78.94,95,100,12.66
172,Marsa Matruh,EG,2022-07-21 15:18:21,31.3525,27.2453,80.83,59,0,13.82
173,Campoverde,PE,2022-07-21 15:17:49,-8.4753,-74.8058,83.89,60,54,1.03
174,Olavarria,AR,2022-07-21 15:18:21,-36.8927,-60.3225,54.01,42,35,10.2
175,Hirara,JP,2022-07-21 15:18:22,24.8,125.2833,85.17,77,2,11.61
176,Pita,GN,2022-07-21 15:18:22,10.8333,-12.5833,77.76,90,96,4.81
177,Sungairaya,ID,2022-07-21 15:18:23,0.7,108.9,79.07,86,62,5.23
178,Ulaanbaatar,MN,2022-07-21 15:18:23,47.9077,106.8832,60.93,88,75,2.24
179,Muravlenko,RU,2022-07-21 15:18:24,63.7898,74.523,51.57,70,77,12.97
180,Bato,PH,2022-07-21 15:18:24,13.3528,123.3677,78.51,89,29,3.33
181,East London,ZA,2022-07-21 15:18:25,-33.0153,27.9116,59.94,77,0,8.05
182,Kandrian,PG,2022-07-21 15:18:25,-6.2167,149.55,76.41,88,15,2.84
183,Henties Bay,NA,2022-07-21 15:18:26,-22.116,14.2845,62.15,67,1,8.66
184,Thompson,CA,2022-07-21 15:13:39,55.7435,-97.8558,60.8,73,90,8.41
185,Narsaq,GL,2022-07-21 15:15:25,60.9167,-46.05,64.62,66,7,4.41
186,Flinders,AU,2022-07-21 15:18:27,-34.5833,150.8552,59.38,70,100,5.99
187,Arraial Do Cabo,BR,2022-07-21 15:19:27,-22.9661,-42.0278,76.96,65,20,10.36
188,Kokoda,PG,2022-07-21 15:19:28,-8.8785,147.7407,73.54,94,79,0.63
189,Belozerskoye,RU,2022-07-21 15:19:28,55.8214,65.5842,62.33,88,13,12.62
190,Ankpa,NG,2022-07-21 15:19:28,7.3706,7.6253,74.8,87,96,7.11
191,San Lorenzo,PY,2022-07-21 15:19:29,-25.3333,-57.5333,81.54,47,0,11.5
192,Bathsheba,BB,2022-07-21 15:19:29,13.2167,-59.5167,88.41,83,75,27.63
193,Ballina,AU,2022-07-21 15:19:30,-28.8667,153.5667,59.02,99,100,21.34
194,Karratha,AU,2022-07-21 15:19:30,-20.7377,116.8463,71.83,80,0,7.38
195,Bowen,AU,2022-07-21 15:19:31,-20.0167,148.2333,64.31,89,90,9.93
196,Nikolskoye,RU,2022-07-21 15:19:32,59.7035,30.7861,81.88,45,0,6.49
197,Hue,VN,2022-07-21 15:19:32,16.4667,107.6,78.91,94,75,3.44
198,Msanga,TZ,2022-07-21 15:19:33,-6.05,36.0333,72.63,46,70,9.28
199,Aksarka,RU,2022-07-21 15:19:33,66.5606,67.7975,56.53,48,10,13.71
200,Olafsvik,IS,2022-07-21 15:19:33,64.8945,-23.7142,52.02,79,96,2.59
201,Azuaga,ES,2022-07-21 15:19:34,38.2667,-5.6833,99.97,17,0,6.42
202,Tuatapere,NZ,2022-07-21 15:16:45,-46.1333,167.6833,43.83,88,98,2.95
203,Tautira,PF,2022-07-21 15:19:34,-17.7333,-149.15,75.02,78,10,10.31
204,El Jicaro,GT,2022-07-21 15:19:35,14.9167,-89.9,83.73,67,94,0.89
205,Naze,JP,2022-07-21 15:19:36,28.3667,129.4833,81.52,88,82,13.69
206,Kokstad,ZA,2022-07-21 15:16:57,-30.5472,29.4241,55.67,66,78,5.84
207,Port Lincoln,AU,2022-07-21 15:18:11,-34.7333,135.8667,54.66,72,100,13.76
208,Khatanga,RU,2022-07-21 15:19:36,71.9667,102.5,53.76,65,100,6.58
209,Baragua,CU,2022-07-21 15:19:37,21.6967,-78.6328,87.13,60,4,9.26
210,Tengushevo,RU,2022-07-21 15:19:37,54.7686,42.7189,58.73,95,100,15.19
211,Lompoc,US,2022-07-21 15:17:08,34.6391,-120.4579,54.01,100,100,3.44
212,Dickson,US,2022-07-21 15:16:38,36.077,-87.3878,89.22,58,0,5.75
213,Kusti,SD,2022-07-21 15:19:38,13.1629,32.6635,86.85,47,91,8.81
214,Pacific Grove,US,2022-07-21 15:19:39,36.6177,-121.9166,57.42,96,100,7.0
215,Lieksa,FI,2022-07-21 15:19:39,63.3167,30.0167,75.09,51,49,2.91
216,Chokurdakh,RU,2022-07-21 15:19:40,70.6333,147.9167,37.87,54,100,8.48
217,Namatanai,PG,2022-07-21 15:19:40,-3.6667,152.4333,79.14,80,55,6.15
218,Bonthe,SL,2022-07-21 15:19:41,7.5264,-12.505,77.67,78,100,11.45
219,Ponta Delgada,PT,2022-07-21 15:19:41,37.7333,-25.6667,72.32,83,75,8.05
220,Ancud,CL,2022-07-21 15:18:39,-41.8697,-73.8203,41.23,75,100,12.68
221,Vila Franca Do Campo,PT,2022-07-21 15:19:42,37.7167,-25.4333,72.01,70,73,3.4
222,Santa Maria,BR,2022-07-21 15:19:22,-29.6842,-53.8069,74.41,72,100,9.69
223,Abonnema,NG,2022-07-21 15:19:42,4.7084,6.7931,80.65,71,99,11.39
224,Manicore,BR,2022-07-21 15:19:43,-5.8092,-61.3003,85.95,70,0,3.44
225,Maniitsoq,GL,2022-07-21 15:19:43,65.4167,-52.9,43.93,95,100,16.28
226,San Quintin,MX,2022-07-21 15:19:44,30.4833,-115.95,69.87,81,100,9.69
227,Oberwart,AT,2022-07-21 15:19:44,47.2897,16.206,99.84,30,6,3.58
228,La Ronge,CA,2022-07-21 15:19:45,55.1001,-105.2842,61.02,67,100,21.85
229,Fortuna Foothills,US,2022-07-21 15:19:45,32.6578,-114.4119,93.22,39,75,17.27
230,Syamzha,RU,2022-07-21 15:19:46,60.0158,41.0614,73.44,52,49,5.35
231,Husavik,IS,2022-07-21 15:19:46,66.0449,-17.3389,51.73,76,61,8.01
232,Jardim,BR,2022-07-21 15:19:47,-21.4803,-56.1381,88.86,20,7,11.39
233,Bredasdorp,ZA,2022-07-21 15:20:47,-34.5322,20.0403,58.03,66,11,5.73
234,Riyadh,SA,2022-07-21 15:16:08,24.6877,46.7219,109.54,5,65,16.17
235,Saint-Francois,FR,2022-07-21 15:20:48,46.4154,3.9054,84.67,42,0,8.05
236,Padang,ID,2022-07-21 15:20:49,-0.9492,100.3543,77.85,89,100,3.09
237,Estelle,US,2022-07-21 15:20:49,29.8458,-90.1067,91.99,73,75,6.91
238,Xam Nua,LA,2022-07-21 15:20:50,20.4197,104.0439,68.13,99,98,2.06
239,Arawa,PG,2022-07-21 15:20:50,-6.2132,155.5367,78.73,87,97,3.8
240,Axim,GH,2022-07-21 15:20:51,4.8699,-2.2405,78.87,59,56,8.03
241,Palana,RU,2022-07-21 15:20:51,59.1167,159.9667,48.92,78,21,7.56
242,Ferme-Neuve,CA,2022-07-21 15:20:52,46.7001,-75.4493,77.27,55,9,13.18
243,Tyukhtet,RU,2022-07-21 15:20:52,56.5389,89.3011,57.34,94,100,5.82
244,Morant Bay,JM,2022-07-21 15:20:53,17.8815,-76.4093,92.71,70,41,12.66
245,Calama,CL,2022-07-21 15:20:53,-22.4667,-68.9333,63.09,14,0,12.66
246,Bambous Virieux,MU,2022-07-21 15:20:54,-20.3428,57.7575,70.21,83,75,14.97
247,Cabo San Lucas,MX,2022-07-21 15:18:06,22.8909,-109.9124,93.61,45,0,14.97
248,Saint-Pierre,RE,2022-07-21 15:20:55,-21.3393,55.4781,69.48,69,20,6.91
249,La Plata,AR,2022-07-21 15:20:55,-34.9215,-57.9545,63.03,54,86,9.15
250,Linares,CL,2022-07-21 15:20:56,-35.85,-71.6,52.93,70,11,5.12
251,Malatya,TR,2022-07-21 15:20:56,38.5,38.0,86.05,22,20,21.85
252,Mandiana,GN,2022-07-21 15:20:57,10.6333,-8.6833,81.66,69,91,7.49
253,Isetskoye,RU,2022-07-21 15:20:57,56.4858,65.3226,60.78,95,97,8.25
254,Prince Rupert,CA,2022-07-21 15:20:58,54.3161,-130.3201,55.49,87,100,4.61
255,Port Macquarie,AU,2022-07-21 15:20:58,-31.4333,152.9167,57.09,88,75,6.91
256,Ginir,ET,2022-07-21 15:20:59,7.1333,40.7,65.03,62,58,10.11
257,Fomboni,KM,2022-07-21 15:20:59,-12.28,43.7425,76.1,69,0,0.67
258,Richards Bay,ZA,2022-07-21 15:21:00,-28.783,32.0377,69.12,77,6,7.36
259,Cherskiy,RU,2022-07-21 15:21:00,68.75,161.3,31.71,94,12,11.86
260,Uyemskiy,RU,2022-07-21 15:21:01,64.4743,40.8524,69.85,77,20,8.95
261,Aragarcas,BR,2022-07-21 15:21:01,-15.8975,-52.2508,88.45,37,0,11.5
262,Fairbanks,US,2022-07-21 15:17:36,64.8378,-147.7164,56.25,75,75,1.01
263,Sovetskiy,RU,2022-07-21 15:21:02,61.3614,63.5842,65.08,43,46,7.18
264,Davila,PH,2022-07-21 15:21:03,18.4726,120.5763,80.58,82,68,10.87
265,Mandan,US,2022-07-21 15:18:22,46.8267,-100.8896,75.36,58,0,11.5
266,Hasaki,JP,2022-07-21 15:21:04,35.7333,140.8333,79.29,91,100,13.98
267,Batagay-Alyta,RU,2022-07-21 15:21:04,67.8006,130.4114,46.83,84,98,2.59
268,Chaumont,FR,2022-07-21 15:21:04,48.1167,5.1333,81.37,28,2,8.57
269,Nome,US,2022-07-21 15:21:05,64.5011,-165.4064,46.47,93,100,4.61
270,Alofi,NU,2022-07-21 15:21:05,-19.0595,-169.9187,69.69,88,7,5.75
271,Mahanoro,MG,2022-07-21 15:21:06,-19.9,48.8,67.46,78,32,2.35
272,Aswan,EG,2022-07-21 15:21:06,24.0934,32.907,103.96,10,1,15.59
273,Hoa Binh,VN,2022-07-21 15:21:07,20.8133,105.3383,77.38,95,25,2.01
274,Faanui,PF,2022-07-21 15:21:07,-16.4833,-151.75,76.62,75,10,13.42
275,Kaeo,NZ,2022-07-21 15:21:08,-35.1,173.7833,49.32,94,38,6.44
276,Nishihara,JP,2022-07-21 15:21:08,26.1842,127.7558,83.48,94,20,9.22
277,Mantua,IT,2022-07-21 15:21:09,45.1667,10.7833,101.08,15,0,1.01
278,Dongsheng,CN,2022-07-21 15:22:09,39.8161,109.9776,78.49,31,100,10.51
279,Pacifica,US,2022-07-21 15:22:10,37.6138,-122.4869,61.61,95,75,7.0
280,Xai-Xai,MZ,2022-07-21 15:22:10,-25.0519,33.6442,68.94,74,52,5.59
281,Sao Filipe,CV,2022-07-21 15:22:11,14.8961,-24.4956,75.72,88,62,7.56
282,Makakilo City,US,2022-07-21 15:18:57,21.3469,-158.0858,74.19,78,0,12.66
283,Los Llanos De Aridane,ES,2022-07-21 15:22:11,28.6585,-17.9182,73.15,73,20,18.41
284,Myanaung,MM,2022-07-21 15:22:12,18.2833,95.3167,80.33,86,100,4.27
285,Ranau,MY,2022-07-21 15:22:12,5.9538,116.6641,71.06,98,91,0.63
286,Taltal,CL,2022-07-21 15:17:23,-25.4,-70.4833,61.43,74,33,3.67
287,Hazorasp,UZ,2022-07-21 15:22:13,41.3194,61.0742,94.84,10,0,10.89
288,Kampot,KH,2022-07-21 15:20:47,10.6167,104.1833,77.05,87,100,3.4
289,Lakes Entrance,AU,2022-07-21 15:22:13,-37.8811,147.981,38.16,87,0,7.94
290,Lokosovo,RU,2022-07-21 15:22:14,61.1333,74.8167,60.39,65,88,8.12
291,Charters Towers,AU,2022-07-21 15:22:14,-20.1,146.2667,57.43,70,0,5.99
292,Bad Hall,AT,2022-07-21 15:22:15,48.0383,14.2077,82.67,59,100,6.42
293,Kanash,RU,2022-07-21 15:22:15,55.5086,47.4956,65.59,79,91,10.83
294,Lorengau,PG,2022-07-21 15:22:16,-2.0226,147.2712,80.1,78,100,2.77
295,Klaksvik,FO,2022-07-21 15:22:16,62.2266,-6.589,52.72,83,14,12.3
296,Dzaoudzi,YT,2022-07-21 15:22:17,-12.7887,45.2699,75.09,78,100,4.61
297,Ous,RU,2022-07-21 15:22:18,60.9058,61.5186,64.83,56,91,3.71
298,Zhigalovo,RU,2022-07-21 15:22:18,54.8097,105.1578,59.7,73,100,2.59
299,Caborca,MX,2022-07-21 15:22:19,30.5838,-111.101,83.7,51,80,1.97
300,Agogo,GH,2022-07-21 15:22:19,6.8,-1.0819,83.71,49,91,1.57
301,Long Xuyen,VN,2022-07-21 15:22:19,10.3833,105.4167,75.15,94,98,1.95
302,Bulancak,TR,2022-07-21 15:22:20,40.9372,38.2291,69.62,78,75,12.66
303,Marshalltown,US,2022-07-21 15:22:20,42.0494,-92.908,84.29,61,0,13.8
304,Sorong,ID,2022-07-21 15:22:21,-0.8833,131.25,78.91,87,100,9.13
305,Vao,NC,2022-07-21 15:22:21,-22.6667,167.4833,72.95,91,4,20.6
306,Mildura,AU,2022-07-21 15:22:22,-34.2,142.15,49.89,79,4,12.19
307,Arman,RU,2022-07-21 15:22:22,59.7,150.1667,58.1,84,85,3.09
308,Coquimbo,CL,2022-07-21 15:22:23,-29.9533,-71.3436,53.33,87,100,4.61
309,Piacabucu,BR,2022-07-21 15:22:23,-10.4056,-36.4344,79.81,60,88,9.4
310,Bandarbeyla,SO,2022-07-21 15:22:24,9.4942,50.8122,76.73,79,98,31.43
311,Bengkulu,ID,2022-07-21 15:22:24,-3.8004,102.2655,76.86,90,81,4.63
312,Katsuura,JP,2022-07-21 15:22:25,35.1333,140.3,77.58,93,100,12.86
313,San Jeronimo,PE,2022-07-21 15:22:25,-11.9472,-75.2829,55.35,45,0,1.48
314,Ilulissat,GL,2022-07-21 15:22:26,69.2167,-51.1,62.62,48,75,10.36
315,Songjianghe,CN,2022-07-21 15:22:26,42.1859,127.479,61.05,98,100,1.36
316,San Luis,AR,2022-07-21 15:20:36,-33.295,-66.3356,58.53,36,42,20.22
317,Tadine,NC,2022-07-21 15:22:27,-21.55,167.8833,74.23,88,32,11.43
318,Kirakira,SB,2022-07-21 15:22:27,-10.4544,161.9205,79.52,85,43,5.19
319,Rudbar,AF,2022-07-21 15:22:27,30.15,62.6,101.37,9,1,7.67
320,Lewiston,US,2022-07-21 15:21:52,44.1003,-70.2148,89.71,66,0,9.22
321,Bamenda,CM,2022-07-21 15:22:28,5.9527,10.1582,69.64,90,92,3.98
322,Potosi,BO,2022-07-21 15:22:28,-19.5836,-65.7531,56.26,35,41,5.75
323,Aksu,CN,2022-07-21 15:22:29,41.1231,80.2644,85.59,21,0,4.36
324,Hualmay,PE,2022-07-21 15:18:34,-11.0964,-77.6139,63.25,78,79,8.9
325,Vila,PT,2022-07-21 15:22:30,42.0304,-8.1588,85.69,43,1,9.46
326,Dingle,PH,2022-07-21 15:22:30,10.9995,122.6711,78.08,90,100,5.35
327,Luderitz,NA,2022-07-21 15:23:31,-26.6481,15.1594,66.7,52,0,15.19
328,Igrim,RU,2022-07-21 15:23:31,63.1906,64.4162,65.05,50,72,5.08
329,Gambela,ET,2022-07-21 15:23:32,8.25,34.5833,79.86,78,27,1.97
330,Mount Isa,AU,2022-07-21 15:23:32,-20.7333,139.5,49.77,34,3,9.22
331,Miraflores,MX,2022-07-21 15:23:32,19.2167,-98.8083,69.03,55,78,3.29
332,Yunyang,CN,2022-07-21 15:23:33,33.4474,112.7142,77.95,86,1,3.47
333,Tsiroanomandidy,MG,2022-07-21 15:23:33,-18.7667,46.0333,65.28,46,0,7.09
334,Nogliki,RU,2022-07-21 15:22:09,51.8333,143.1667,53.6,98,100,10.4
335,Carutapera,BR,2022-07-21 15:23:34,-1.195,-46.02,87.75,54,17,5.55
336,Takaka,NZ,2022-07-21 15:23:35,-40.85,172.8,48.56,83,6,2.55
337,Malavalli,IN,2022-07-21 15:23:35,12.3833,77.0833,73.26,76,97,5.46
338,Ontario,US,2022-07-21 15:21:46,34.0633,-117.6509,89.82,48,75,4.61
339,Xinzhou,CN,2022-07-21 15:23:36,38.4092,112.7333,74.46,49,99,2.53
340,Nemuro,JP,2022-07-21 15:23:36,43.3236,145.575,56.68,90,0,9.15
341,Ust-Uda,RU,2022-07-21 15:23:37,54.1742,103.0304,60.58,70,100,0.89
342,Petropavlovsk-Kamchatskiy,RU,2022-07-21 15:23:37,53.0452,158.6483,57.79,100,100,4.47
343,Severnyy,RU,2022-07-21 15:23:38,50.677,36.5532,60.84,100,75,8.95
344,Isangel,VU,2022-07-21 15:23:38,-19.55,169.2667,75.61,89,12,9.73
345,Brigantine,US,2022-07-21 15:23:39,39.4101,-74.3646,92.01,70,0,11.5
346,Dicabisagan,PH,2022-07-21 15:23:22,17.0818,122.4157,81.72,83,59,2.26
347,Kenai,US,2022-07-21 15:23:39,60.5544,-151.2583,50.14,98,100,5.75
348,Ponta Do Sol,PT,2022-07-21 15:23:40,32.6667,-17.1,82.71,70,1,4.59
349,Sorland,NO,2022-07-21 15:22:14,67.667,12.6934,53.82,92,100,17.76
350,Zhangzhou,CN,2022-07-21 15:23:40,24.5133,117.6556,85.93,86,0,1.28
351,Kutum,SD,2022-07-21 15:23:41,14.2,24.6667,76.26,60,100,23.17
352,Port Shepstone,ZA,2022-07-21 15:23:41,-30.7414,30.455,66.61,76,51,16.28
353,Port Elizabeth,ZA,2022-07-21 15:23:42,-33.918,25.5701,61.09,73,0,8.05
354,Guerrero Negro,MX,2022-07-21 15:23:42,27.9769,-114.0611,70.47,75,73,13.65
355,Debre Birhan,ET,2022-07-21 15:23:43,9.6833,39.5333,59.45,70,34,1.5
356,Tema,GH,2022-07-21 15:23:43,5.667,-0.0166,81.01,61,20,18.41
357,Hovd,MN,2022-07-21 15:23:44,48.0056,91.6419,68.54,34,99,7.38
358,Avera,US,2022-07-21 15:23:45,33.194,-82.5271,83.71,72,100,9.48
359,Kodinar,IN,2022-07-21 15:23:45,20.7903,70.7031,81.43,81,100,14.74
360,Banjar,ID,2022-07-21 15:23:46,-8.19,114.9675,74.03,89,57,6.31
361,Taonan,CN,2022-07-21 15:23:46,45.3333,122.7833,73.85,67,17,6.06
362,Meulaboh,ID,2022-07-21 15:23:47,4.1363,96.1285,79.2,81,100,5.01
363,Northam,GB,2022-07-21 15:23:47,51.0333,-4.2167,65.39,56,5,10.33
364,Guaruja,BR,2022-07-21 15:23:48,-23.9931,-46.2564,76.86,61,20,3.44
365,Kahului,US,2022-07-21 15:22:00,20.8947,-156.47,73.42,78,100,13.8
366,Samarkand,UZ,2022-07-21 15:23:49,39.6542,66.9597,90.82,17,0,11.5
367,Rantepao,ID,2022-07-21 15:23:49,-2.9701,119.8978,66.92,98,78,1.81
368,Vavoua,CI,2022-07-21 15:23:49,7.3819,-6.4778,81.84,59,97,4.52
369,Trelew,AR,2022-07-21 15:20:50,-43.249,-65.3051,47.25,36,34,25.19
370,Faranah,GN,2022-07-21 15:23:50,10.0404,-10.7434,75.94,90,99,6.53
371,Bull Savanna,JM,2022-07-21 15:23:51,17.8868,-77.5902,85.39,59,2,12.8
372,Rocha,UY,2022-07-21 15:24:51,-34.4833,-54.3333,61.3,77,66,9.89
373,Nortelandia,BR,2022-07-21 15:24:52,-14.4547,-56.8028,93.18,22,3,7.56
374,Abu Dhabi,AE,2022-07-21 15:19:57,24.4667,54.3667,100.51,64,0,8.05
375,Revda,RU,2022-07-21 15:24:52,56.801,59.9303,61.32,77,100,4.94
376,Mpraeso,GH,2022-07-21 15:24:53,6.5932,-0.7346,83.1,49,93,1.68
377,Port Hedland,AU,2022-07-21 15:24:53,-20.3167,118.5667,60.85,94,0,6.91
378,Bijie,CN,2022-07-21 15:24:54,27.3125,105.2942,66.43,93,75,11.39
379,Sobolevo,RU,2022-07-21 15:24:54,54.4299,31.8996,68.85,71,21,14.16
380,Lodja,CD,2022-07-21 15:24:55,-3.4833,23.4333,85.96,36,94,2.24
381,Viedma,AR,2022-07-21 15:24:55,-40.8135,-62.9967,50.18,31,86,17.58
382,Lasa,IT,2022-07-21 15:24:56,46.6166,10.7002,89.69,61,49,3.51
383,Praia Da Vitoria,PT,2022-07-21 15:24:56,38.7333,-27.0667,79.05,65,20,3.2
384,Moranbah,AU,2022-07-21 15:24:57,-22.0016,148.0466,56.03,96,74,7.63
385,Qeshm,IR,2022-07-21 15:24:57,26.9581,56.2719,93.09,82,24,16.22
386,Langfang,CN,2022-07-21 15:24:58,39.5097,116.6947,79.95,62,42,5.55
387,Kropotkin,RU,2022-07-21 15:24:58,45.4375,40.5756,78.28,38,80,14.38
388,Dudinka,RU,2022-07-21 15:24:59,69.4058,86.1778,58.62,78,32,6.38
389,Cidreira,BR,2022-07-21 15:24:59,-30.1811,-50.2056,70.11,74,100,4.83
390,Mandalgovi,MN,2022-07-21 15:24:59,45.7625,106.2708,59.65,60,100,5.57
391,Ust-Nera,RU,2022-07-21 15:25:00,64.5667,143.2,53.82,81,31,7.7
392,Tendo,JP,2022-07-21 15:25:00,38.3536,140.3697,71.31,91,94,1.5
393,Ribeira Grande,PT,2022-07-21 15:21:44,38.5167,-28.7,75.6,83,20,6.91
394,Dhrangadhra,IN,2022-07-21 15:25:01,22.9833,71.4667,85.14,68,100,13.22
395,Leshan,CN,2022-07-21 15:25:01,29.5623,103.7639,76.84,89,99,3.53
396,Whitehorse,CA,2022-07-21 15:21:16,60.7161,-135.0538,47.17,81,75,13.8
397,Katherine,AU,2022-07-21 15:25:02,-14.4667,132.2667,59.32,55,84,5.75
398,Slave Lake,CA,2022-07-21 15:21:50,55.2834,-114.769,66.18,55,0,3.44
399,Borodyanka,UA,2022-07-21 15:25:03,50.6448,29.9201,82.51,43,9,14.67
400,Minab,IR,2022-07-21 15:25:03,27.1467,57.0801,94.69,57,6,7.11
401,Haines Junction,CA,2022-07-21 15:25:04,60.7522,-137.5108,45.19,82,95,3.2
402,Saint-Georges,GD,2022-07-21 15:25:04,12.0564,-61.7485,83.88,84,75,20.71
403,Teguldet,RU,2022-07-21 15:25:05,57.3064,88.1667,57.0,97,99,5.28
404,Puerto Escondido,MX,2022-07-21 15:25:05,15.85,-97.0667,86.83,66,40,3.44
405,Broome,US,2022-07-21 15:25:06,42.2506,-75.833,89.02,60,0,16.11
406,Colac,AU,2022-07-21 15:22:13,-38.3333,143.5833,45.18,86,2,5.99
407,Eirunepe,BR,2022-07-21 15:25:06,-6.6603,-69.8736,87.58,45,71,1.12
408,Ilo,PE,2022-07-21 15:25:07,-17.6394,-71.3375,59.86,82,100,4.61
409,Grinnell,US,2022-07-21 15:25:07,41.743,-92.7224,85.98,61,0,13.8
410,Baykit,RU,2022-07-21 15:25:08,61.67,96.37,59.67,76,89,2.71
411,Tornio,FI,2022-07-21 15:25:08,65.8481,24.1466,69.82,65,96,7.36
412,Gusau,NG,2022-07-21 15:25:09,12.1628,6.6614,84.24,54,79,5.68
413,Chute-Aux-Outardes,CA,2022-07-21 15:25:09,49.1168,-68.399,60.78,77,20,14.97
414,Whyalla,AU,2022-07-21 15:25:10,-33.0333,137.5833,53.28,80,92,14.74
415,Sukhobezvodnoye,RU,2022-07-21 15:25:10,57.0491,44.8891,66.52,75,85,4.45
416,Havre-Saint-Pierre,CA,2022-07-21 15:25:11,50.2334,-63.5986,73.76,56,0,9.22
417,Faya,SA,2022-07-21 15:25:11,18.3851,42.4509,75.31,60,99,8.1
418,Paamiut,GL,2022-07-21 15:25:12,61.994,-49.6678,46.6,89,95,3.85
419,Lata,PT,2022-07-21 15:25:12,40.1629,-8.3327,85.5,48,0,11.12
420,Flin Flon,CA,2022-07-21 15:23:31,54.7682,-101.865,64.24,59,75,16.11
421,Pangnirtung,CA,2022-07-21 15:26:13,66.1451,-65.7125,44.6,100,100,9.22
422,Sherlovaya Gora,RU,2022-07-21 15:26:14,50.5667,116.25,65.21,73,8,4.59
423,Nelson Bay,AU,2022-07-21 15:26:14,-32.7167,152.15,63.0,85,98,18.01
424,Fare,PF,2022-07-21 15:26:14,-16.7,-151.0167,76.19,75,10,12.33
425,Shenjiamen,CN,2022-07-21 15:26:15,29.9576,122.298,79.48,91,99,2.06
426,Temerloh,MY,2022-07-21 15:26:15,3.4483,102.4176,76.21,93,97,2.04
427,Prigen,ID,2022-07-21 15:26:16,-7.6833,112.6167,71.13,85,27,3.56
428,Boguchany,RU,2022-07-21 15:26:16,58.3814,97.4531,60.04,86,61,3.96
429,Ikungi,TZ,2022-07-21 15:26:17,-5.1333,34.7667,73.11,32,81,9.84
430,Ugoofaaru,MV,2022-07-21 15:26:17,5.6667,73.0,82.2,77,100,17.6
431,Margate,GB,2022-07-21 15:26:18,51.3813,1.3862,72.1,76,62,5.01
432,Christchurch,NZ,2022-07-21 15:22:04,-43.5333,172.6333,41.2,81,100,3.44
433,Iqaluit,CA,2022-07-21 15:26:18,63.7506,-68.5145,38.93,100,100,8.05
434,Fortuna,US,2022-07-21 15:26:19,40.5982,-124.1573,56.35,91,86,5.01
435,Machilipatnam,IN,2022-07-21 15:26:19,16.1667,81.1333,84.02,75,99,3.98
436,Dunedin,NZ,2022-07-21 15:26:20,-45.8742,170.5036,47.8,84,95,7.0
437,Malente,DE,2022-07-21 15:26:20,54.1712,10.5552,78.55,60,56,11.18
438,Puri,IN,2022-07-21 15:26:21,19.8,85.85,82.92,81,100,8.7
439,Larsnes,NO,2022-07-21 15:26:21,62.2028,5.5773,59.41,82,92,7.65
440,Vestmannaeyjar,IS,2022-07-21 15:26:22,63.4427,-20.2734,50.99,100,100,9.22
441,Santa Cruz Cabralia,BR,2022-07-21 15:26:22,-16.2781,-39.0247,75.43,83,40,4.61
442,Jalingo,NG,2022-07-21 15:26:23,8.8833,11.3667,83.48,70,86,4.03
443,Pilar,BR,2022-07-21 15:26:23,-9.5972,-35.9567,82.33,68,69,8.86
444,Saint-Augustin,CA,2022-07-21 15:26:24,51.226,-58.6502,74.25,47,21,15.57
445,Puerto Baquerizo Moreno,EC,2022-07-21 15:22:41,-0.9,-89.6,72.59,78,40,10.36
446,Terrace,CA,2022-07-21 15:26:25,54.5163,-128.6035,58.91,72,75,3.44
447,San Antonio,US,2022-07-21 15:26:21,29.4241,-98.4936,87.58,73,100,10.36
448,Iberia,US,2022-07-21 15:21:45,29.9502,-91.7507,89.6,66,40,6.91
449,Comodoro Rivadavia,AR,2022-07-21 15:23:53,-45.8667,-67.5,42.66,49,20,21.85
450,Portland,US,2022-07-21 15:24:28,45.5234,-122.6762,69.01,78,20,4.61
451,Noumea,NC,2022-07-21 15:26:26,-22.2763,166.4572,75.99,99,14,9.53
452,Paragould,US,2022-07-21 15:26:27,36.0584,-90.4973,88.83,73,3,7.78
453,Vaitape,PF,2022-07-21 15:26:27,-16.5167,-151.75,76.6,75,10,13.49
454,Shaygino,RU,2022-07-21 15:26:28,57.7675,46.8618,65.5,76,96,1.21
455,Ziro,IN,2022-07-21 15:26:29,27.6333,93.8333,61.43,97,100,0.65
456,Cairo,EG,2022-07-21 15:22:01,30.0626,31.2497,92.16,38,20,12.66
457,Houston,US,2022-07-21 15:25:25,29.7633,-95.3633,92.34,69,40,7.0
458,Tura,IN,2022-07-21 15:26:30,25.5198,90.2201,76.12,95,100,3.38
459,San Juan,AR,2022-07-21 15:26:30,-31.5375,-68.5364,61.23,18,47,17.07
460,Manta,EC,2022-07-21 15:26:30,-0.95,-80.7333,73.18,78,75,11.5
461,Albury,AU,2022-07-21 15:26:31,-36.0833,146.9167,46.02,100,6,3.0
462,Burnie,AU,2022-07-21 15:26:31,-41.0667,145.9167,48.94,72,42,11.23
463,Bolivar,US,2022-07-21 15:26:32,37.6145,-93.4105,88.36,49,5,5.06
464,Nadym,RU,2022-07-21 15:26:32,65.5333,72.5167,51.4,60,100,8.86
465,Bud,US,2022-07-21 15:27:33,39.447,-86.1758,84.31,69,0,8.93
466,Kaseda,JP,2022-07-21 15:27:33,31.4167,130.3167,80.1,91,95,13.67
467,Impfondo,CG,2022-07-21 15:27:34,1.6381,18.0667,81.86,68,98,4.14
468,San Policarpo,PH,2022-07-21 15:27:34,12.1791,125.5072,82.06,78,12,4.21
469,Tynda,RU,2022-07-21 15:27:35,55.1667,124.7167,60.49,95,18,1.23
470,Lingao,CN,2022-07-21 15:27:35,19.9103,109.6859,80.94,79,3,14.79
471,Boulder City,US,2022-07-21 15:27:36,35.9786,-114.8325,95.27,16,9,4.23
472,Perene,PE,2022-07-21 15:23:12,-10.9492,-75.2261,82.56,50,13,3.11
473,Jibuti,DJ,2022-07-21 15:27:37,11.5,42.5,95.2,26,65,6.93
474,Svetlyy,RU,2022-07-21 15:27:37,54.675,20.1347,86.05,41,6,3.22
475,Jalor,IN,2022-07-21 15:23:10,25.35,72.6167,88.81,63,100,13.82
476,Saskylakh,RU,2022-07-21 15:27:38,71.9167,114.0833,51.96,66,98,15.21
477,Taupo,NZ,2022-07-21 15:27:38,-38.6833,176.0833,44.02,71,59,8.12
478,Grindavik,IS,2022-07-21 15:27:39,63.8424,-22.4338,54.07,94,75,9.22
479,Letpadan,MM,2022-07-21 15:27:39,17.7833,95.75,78.84,90,100,5.37
480,Mapimi,MX,2022-07-21 15:27:40,25.8167,-103.85,83.97,33,0,2.95
481,Rumuruti,KE,2022-07-21 15:27:40,0.267,36.5389,66.36,57,100,7.56
482,Chuka,KE,2022-07-21 15:27:41,-0.3332,37.6459,68.49,51,100,4.85
483,Kurilsk,RU,2022-07-21 15:27:41,45.2333,147.8833,52.72,97,100,13.51
484,Kantunilkin,MX,2022-07-21 15:27:42,21.0917,-87.45,89.96,51,5,4.16
485,Vardo,NO,2022-07-21 15:27:42,70.3705,31.1107,58.98,82,0,8.05
486,Dawei,MM,2022-07-21 15:27:43,14.0833,98.2,76.39,93,100,5.77
487,Wanning,CN,2022-07-21 15:26:06,18.8003,110.3967,80.4,87,90,6.71
488,Tateyama,JP,2022-07-21 15:27:43,34.9833,139.8667,79.11,91,100,11.9
489,Gat,IL,2022-07-21 15:27:44,31.61,34.7642,86.4,100,1,12.17
490,Raudeberg,NO,2022-07-21 15:27:44,61.9875,5.1352,54.95,78,78,5.1
491,Varkaus,FI,2022-07-21 15:27:45,62.3153,27.873,78.31,35,53,4.05
492,Talara,PE,2022-07-21 15:27:45,-4.5772,-81.2719,66.96,72,0,18.41
493,Borogontsy,RU,2022-07-21 15:27:46,62.6683,131.1683,66.36,75,4,5.12
494,Rio Grande,BR,2022-07-21 15:22:59,-32.035,-52.0986,73.51,97,100,3.69
495,Varhaug,NO,2022-07-21 15:27:47,58.6147,5.6457,63.86,80,85,27.49
496,Gwanda,ZW,2022-07-21 15:27:47,-20.9333,29.0,66.45,55,49,9.95
497,Chino Valley,US,2022-07-21 15:26:31,34.7575,-112.4538,81.68,45,100,0.0
498,Sosnovoborsk,RU,2022-07-21 15:27:48,56.1325,93.3589,62.24,75,100,3.42
499,Zelenoborskiy,RU,2022-07-21 15:27:48,66.845,32.3622,69.13,65,90,3.22
500,La Palma,US,2022-07-21 15:27:49,33.8464,-118.0467,79.9,80,0,3.44
501,Carmo Do Paranaiba,BR,2022-07-21 15:25:04,-19.0008,-46.3161,74.75,46,0,10.02
502,Hofn,IS,2022-07-21 15:27:50,64.2539,-15.2082,55.42,76,100,6.91
503,Bilibino,RU,2022-07-21 15:27:50,68.0546,166.4372,33.62,70,33,5.66
504,Romny,UA,2022-07-21 15:27:51,50.751,33.4747,65.25,84,100,13.87
505,Cedar City,US,2022-07-21 15:27:06,37.6775,-113.0619,85.39,33,0,3.44
506,Zacualpan,MX,2022-07-21 15:27:51,21.25,-105.1667,89.22,71,47,1.88
507,Omsukchan,RU,2022-07-21 15:27:52,62.5333,155.8,45.95,69,45,5.55
508,Keuruu,FI,2022-07-21 15:27:52,62.2667,24.7,83.8,40,52,6.4
509,Esperance,AU,2022-07-21 15:27:20,-33.8667,121.9,55.24,77,53,19.22
510,Candido Mendes,BR,2022-07-21 15:27:53,-1.4467,-45.7167,88.48,51,44,3.96
511,Ouro Preto Do Oeste,BR,2022-07-21 15:28:54,-10.7481,-62.2158,90.84,27,1,3.76
512,Teahupoo,PF,2022-07-21 15:28:54,-17.8333,-149.2667,64.36,78,14,11.21
513,Boa Vista,BR,2022-07-21 15:28:55,2.8197,-60.6733,78.78,83,75,3.44
514,Giehun,SL,2022-07-21 15:28:55,7.8833,-11.05,77.14,78,100,4.38
515,Karaton,ID,2022-07-21 15:28:56,-6.3424,106.1045,74.3,92,49,1.03
516,Krasne,UA,2022-07-21 15:28:56,49.9145,24.6134,79.81,31,6,11.48
517,Buy,RU,2022-07-21 15:28:57,58.4786,41.53,66.51,70,100,5.39
518,Rio Gallegos,AR,2022-07-21 15:28:28,-51.6226,-69.2181,32.05,74,0,23.02
519,Twentynine Palms,US,2022-07-21 15:28:57,34.1356,-116.0542,93.25,21,100,1.01
520,Eunice,US,2022-07-21 15:28:58,30.4944,-92.4176,88.99,59,52,9.17
521,Sinnamary,GF,2022-07-21 15:28:59,5.3833,-52.95,82.6,73,30,5.59
522,Maragogi,BR,2022-07-21 15:24:14,-9.0122,-35.2225,77.65,79,67,12.73
523,Ionia,US,2022-07-21 15:26:25,42.9873,-85.0711,83.48,58,0,12.66
524,Paracuru,BR,2022-07-21 15:28:59,-3.41,-39.0306,83.1,57,79,12.1
525,Yarada,IN,2022-07-21 15:29:00,17.65,83.2667,84.52,89,75,3.44
526,Isla Mujeres,MX,2022-07-21 15:29:00,21.2311,-86.731,87.85,67,12,8.95
527,Siruguppa,IN,2022-07-21 15:29:01,15.6333,76.9,87.42,50,100,7.49
528,Harwich,GB,2022-07-21 15:29:01,51.9419,1.2844,74.19,64,95,13.0
529,Usinsk,RU,2022-07-21 15:29:02,65.9939,57.5281,65.8,49,100,16.69
530,Tacna,PE,2022-07-21 15:29:02,-18.0056,-70.2483,54.5,87,100,3.44
531,Urengoy,RU,2022-07-21 15:29:03,65.9667,78.3667,47.7,82,100,5.17
532,Grimshaw,CA,2022-07-21 15:29:03,56.1834,-117.6027,62.22,59,75,9.22
533,Derzhavinsk,KZ,2022-07-21 15:29:04,51.1,66.3167,74.53,39,14,14.97
534,Kimbe,PG,2022-07-21 15:29:04,-5.5502,150.1429,75.6,93,89,2.75
535,Bognor Regis,GB,2022-07-21 15:29:05,50.7821,-0.6798,76.17,63,99,8.72
536,Mangrol,IN,2022-07-21 15:29:05,21.1167,70.1167,81.9,81,100,16.51
537,Arys,KZ,2022-07-21 15:29:06,42.4252,68.795,100.35,9,0,15.46
538,Inta,RU,2022-07-21 15:29:06,66.0317,60.1659,63.45,51,100,12.73
539,Galveston,US,2022-07-21 15:29:07,29.3669,-94.9669,93.04,69,0,11.5
540,Pathein,MM,2022-07-21 15:29:07,16.7833,94.7333,77.09,94,100,9.1
541,Rocky Mountain House,CA,2022-07-21 15:29:08,52.3668,-114.9188,63.93,60,2,1.92
542,Seguela,CI,2022-07-21 15:29:08,7.9611,-6.6731,82.49,57,94,3.69
543,Kulhudhuffushi,MV,2022-07-21 15:29:09,6.6221,73.07,81.54,79,100,19.26
544,Laramie,US,2022-07-21 15:27:43,41.3114,-105.5911,81.54,28,0,3.44
545,Tarakan,ID,2022-07-21 15:29:10,3.3,117.6333,80.1,89,20,2.3
546,Bahawalpur,PK,2022-07-21 15:29:10,29.4,71.6833,82.18,77,84,30.78
547,Tabas,IR,2022-07-21 15:29:11,33.5959,56.9244,100.99,8,0,9.73
548,Sweetwater,US,2022-07-21 15:29:11,25.7634,-80.3731,92.01,63,20,9.22
549,Jalu,LY,2022-07-21 15:29:12,29.0331,21.5482,94.08,16,0,15.97
550,Srivardhan,IN,2022-07-21 15:29:12,18.0333,73.0167,79.54,86,100,5.91
